{
  "namespace": "my.bookshop",
  "definitions": {
    "CatalogService": {
      "@source": "srv/cat-service.cds",
      "kind": "service"
    },
    "CatalogService.Authors": {
      "kind": "entity",
      "@readonly": true,
      "query": {
        "SELECT": {
          "from": {
            "ref": [
              "my.bookshop.Authors"
            ]
          }
        }
      },
      "elements": {
        "ID": {
          "key": true,
          "type": "cds.Integer"
        },
        "name": {
          "type": "cds.String"
        },
        "books": {
          "type": "cds.Association",
          "cardinality": {
            "max": "*"
          },
          "target": "CatalogService.Books",
          "on": [
            {
              "ref": [
                "books",
                "author"
              ]
            },
            "=",
            {
              "ref": [
                "$self"
              ]
            }
          ]
        }
      },
      "$syntax": "projection"
    },
    "CatalogService.Books": {
      "kind": "entity",
      "@readonly": true,
      "query": {
        "SELECT": {
          "from": {
            "ref": [
              "my.bookshop.Books"
            ]
          }
        }
      },
      "elements": {
        "ID": {
          "key": true,
          "type": "cds.Integer"
        },
        "title": {
          "localized": true,
          "type": "cds.String"
        },
        "author": {
          "type": "cds.Association",
          "target": "CatalogService.Authors",
          "keys": [
            {
              "ref": [
                "ID"
              ]
            }
          ]
        },
        "stock": {
          "type": "cds.Integer"
        },
        "texts": {
          "type": "cds.Composition",
          "cardinality": {
            "max": "*"
          },
          "target": "CatalogService.Books_texts",
          "on": [
            {
              "ref": [
                "texts",
                "ID"
              ]
            },
            "=",
            {
              "ref": [
                "ID"
              ]
            }
          ]
        },
        "localized": {
          "type": "cds.Association",
          "target": "CatalogService.Books_texts",
          "on": [
            {
              "ref": [
                "localized",
                "ID"
              ]
            },
            "=",
            {
              "ref": [
                "ID"
              ]
            },
            "and",
            {
              "ref": [
                "localized",
                "locale"
              ]
            },
            "=",
            {
              "ref": [
                "$user",
                "locale"
              ]
            }
          ]
        }
      },
      "$syntax": "projection"
    },
    "CatalogService.Books_texts": {
      "kind": "entity",
      "@cds.autoexpose": true,
      "@cds.autoexposed": true,
      "@odata.draft.enabled": false,
      "query": {
        "SELECT": {
          "from": {
            "ref": [
              "my.bookshop.Books_texts"
            ]
          }
        }
      },
      "elements": {
        "locale": {
          "key": true,
          "type": "cds.String",
          "length": 14
        },
        "ID": {
          "@odata.containment.ignore": true,
          "key": true,
          "type": "cds.Integer"
        },
        "title": {
          "localized": false,
          "type": "cds.String"
        }
      }
    },
    "CatalogService.Countries": {
      "kind": "entity",
      "@UI.Identification": [
        {
          "Value": {
            "=": "name"
          }
        }
      ],
      "@cds.autoexpose": true,
      "@cds.autoexposed": true,
      "@cds.odata.valuelist": true,
      "@cds.persistence.skip": "if-unused",
      "query": {
        "SELECT": {
          "from": {
            "ref": [
              "sap.common.Countries"
            ]
          }
        }
      },
      "elements": {
        "name": {
          "@title": "{i18n>Name}",
          "localized": true,
          "type": "cds.String",
          "length": 255
        },
        "descr": {
          "@title": "{i18n>Description}",
          "localized": true,
          "type": "cds.String",
          "length": 1000
        },
        "code": {
          "@title": "{i18n>CountryCode}",
          "key": true,
          "type": "cds.String",
          "length": 3
        },
        "texts": {
          "type": "cds.Composition",
          "cardinality": {
            "max": "*"
          },
          "target": "CatalogService.Countries_texts",
          "on": [
            {
              "ref": [
                "texts",
                "code"
              ]
            },
            "=",
            {
              "ref": [
                "code"
              ]
            }
          ]
        },
        "localized": {
          "type": "cds.Association",
          "target": "CatalogService.Countries_texts",
          "on": [
            {
              "ref": [
                "localized",
                "code"
              ]
            },
            "=",
            {
              "ref": [
                "code"
              ]
            },
            "and",
            {
              "ref": [
                "localized",
                "locale"
              ]
            },
            "=",
            {
              "ref": [
                "$user",
                "locale"
              ]
            }
          ]
        }
      }
    },
    "CatalogService.Countries_texts": {
      "kind": "entity",
      "@cds.autoexpose": true,
      "@cds.autoexposed": true,
      "@odata.draft.enabled": false,
      "query": {
        "SELECT": {
          "from": {
            "ref": [
              "sap.common.Countries_texts"
            ]
          }
        }
      },
      "elements": {
        "locale": {
          "key": true,
          "type": "cds.String",
          "length": 14
        },
        "name": {
          "@title": "{i18n>Name}",
          "localized": false,
          "type": "cds.String",
          "length": 255
        },
        "descr": {
          "@title": "{i18n>Description}",
          "localized": false,
          "type": "cds.String",
          "length": 1000
        },
        "code": {
          "@odata.containment.ignore": true,
          "@title": "{i18n>CountryCode}",
          "key": true,
          "type": "cds.String",
          "length": 3
        }
      }
    },
    "CatalogService.Orders": {
      "kind": "entity",
      "@insertonly": true,
      "query": {
        "SELECT": {
          "from": {
            "ref": [
              "my.bookshop.Orders"
            ]
          }
        }
      },
      "elements": {
        "createdAt": {
          "@Core.Immutable": true,
          "@UI.HiddenFilter": true,
          "@cds.on.insert": {
            "=": "$now"
          },
          "@odata.on.insert": {
            "#": "now"
          },
          "@readonly": true,
          "@title": "{i18n>CreatedAt}",
          "type": "cds.Timestamp"
        },
        "createdBy": {
          "@Core.Immutable": true,
          "@UI.HiddenFilter": true,
          "@cds.on.insert": {
            "=": "$user"
          },
          "@description": "{i18n>UserID.Description}",
          "@odata.on.insert": {
            "#": "user"
          },
          "@readonly": true,
          "@title": "{i18n>CreatedBy}",
          "type": "User",
          "length": 255
        },
        "modifiedAt": {
          "@UI.HiddenFilter": true,
          "@cds.on.insert": {
            "=": "$now"
          },
          "@cds.on.update": {
            "=": "$now"
          },
          "@odata.on.update": {
            "#": "now"
          },
          "@readonly": true,
          "@title": "{i18n>ChangedAt}",
          "type": "cds.Timestamp"
        },
        "modifiedBy": {
          "@UI.HiddenFilter": true,
          "@cds.on.insert": {
            "=": "$user"
          },
          "@cds.on.update": {
            "=": "$user"
          },
          "@description": "{i18n>UserID.Description}",
          "@odata.on.update": {
            "#": "user"
          },
          "@readonly": true,
          "@title": "{i18n>ChangedBy}",
          "type": "User",
          "length": 255
        },
        "ID": {
          "key": true,
          "type": "cds.UUID"
        },
        "book": {
          "type": "cds.Association",
          "target": "CatalogService.Books",
          "keys": [
            {
              "ref": [
                "ID"
              ]
            }
          ]
        },
        "country": {
          "@description": "{i18n>CountryCode.Description}",
          "@title": "{i18n>Country}",
          "type": "Country",
          "target": "CatalogService.Countries",
          "keys": [
            {
              "ref": [
                "code"
              ]
            }
          ]
        },
        "amount": {
          "type": "cds.Integer"
        }
      },
      "$syntax": "projection"
    },
    "Country": {
      "kind": "type",
      "@description": "{i18n>CountryCode.Description}",
      "@title": "{i18n>Country}",
      "type": "cds.Association",
      "target": "sap.common.Countries",
      "keys": [
        {
          "ref": [
            "code"
          ]
        }
      ]
    },
    "Currency": {
      "kind": "type",
      "@description": "{i18n>CurrencyCode.Description}",
      "@title": "{i18n>Currency}",
      "type": "cds.Association",
      "target": "sap.common.Currencies",
      "keys": [
        {
          "ref": [
            "code"
          ]
        }
      ]
    },
    "Language": {
      "kind": "type",
      "@description": "{i18n>LanguageCode.Description}",
      "@title": "{i18n>Language}",
      "type": "cds.Association",
      "target": "sap.common.Languages",
      "keys": [
        {
          "ref": [
            "code"
          ]
        }
      ]
    },
    "User": {
      "kind": "type",
      "@description": "{i18n>UserID.Description}",
      "@title": "{i18n>UserID}",
      "type": "cds.String",
      "length": 255
    },
    "cuid": {
      "kind": "entity",
      "abstract": true,
      "elements": {
        "ID": {
          "key": true,
          "type": "cds.UUID"
        }
      }
    },
    "localized.CatalogService.Authors": {
      "kind": "entity",
      "@odata.draft.enabled": false,
      "query": {
        "SELECT": {
          "from": {
            "ref": [
              "localized.my.bookshop.Authors"
            ]
          }
        }
      },
      "elements": {
        "ID": {
          "key": true,
          "type": "cds.Integer"
        },
        "name": {
          "type": "cds.String"
        },
        "books": {
          "type": "cds.Association",
          "cardinality": {
            "max": "*"
          },
          "target": "localized.CatalogService.Books",
          "on": [
            {
              "ref": [
                "books",
                "author"
              ]
            },
            "=",
            {
              "ref": [
                "$self"
              ]
            }
          ]
        }
      }
    },
    "localized.CatalogService.Books": {
      "kind": "entity",
      "@odata.draft.enabled": false,
      "query": {
        "SELECT": {
          "from": {
            "ref": [
              "localized.my.bookshop.Books"
            ]
          }
        }
      },
      "elements": {
        "ID": {
          "key": true,
          "type": "cds.Integer"
        },
        "title": {
          "@Core.Computed": true,
          "localized": true,
          "type": "cds.String"
        },
        "author": {
          "type": "cds.Association",
          "target": "localized.CatalogService.Authors",
          "keys": [
            {
              "ref": [
                "ID"
              ]
            }
          ]
        },
        "stock": {
          "type": "cds.Integer"
        },
        "texts": {
          "type": "cds.Composition",
          "cardinality": {
            "max": "*"
          },
          "target": "CatalogService.Books_texts",
          "on": [
            {
              "ref": [
                "texts",
                "ID"
              ]
            },
            "=",
            {
              "ref": [
                "ID"
              ]
            }
          ]
        },
        "localized": {
          "type": "cds.Association",
          "target": "CatalogService.Books_texts",
          "on": [
            {
              "ref": [
                "localized",
                "ID"
              ]
            },
            "=",
            {
              "ref": [
                "ID"
              ]
            },
            "and",
            {
              "ref": [
                "localized",
                "locale"
              ]
            },
            "=",
            {
              "ref": [
                "$user",
                "locale"
              ]
            }
          ]
        }
      }
    },
    "localized.CatalogService.Countries": {
      "kind": "entity",
      "@UI.Identification": [
        {
          "Value": {
            "=": "name"
          }
        }
      ],
      "@cds.autoexpose": true,
      "@cds.odata.valuelist": true,
      "@cds.persistence.skip": "if-unused",
      "@odata.draft.enabled": false,
      "query": {
        "SELECT": {
          "from": {
            "ref": [
              "localized.sap.common.Countries"
            ]
          }
        }
      },
      "elements": {
        "name": {
          "@Core.Computed": true,
          "@title": "{i18n>Name}",
          "localized": true,
          "type": "cds.String",
          "length": 255
        },
        "descr": {
          "@Core.Computed": true,
          "@title": "{i18n>Description}",
          "localized": true,
          "type": "cds.String",
          "length": 1000
        },
        "code": {
          "@title": "{i18n>CountryCode}",
          "key": true,
          "type": "cds.String",
          "length": 3
        },
        "texts": {
          "type": "cds.Composition",
          "cardinality": {
            "max": "*"
          },
          "target": "CatalogService.Countries_texts",
          "on": [
            {
              "ref": [
                "texts",
                "code"
              ]
            },
            "=",
            {
              "ref": [
                "code"
              ]
            }
          ]
        },
        "localized": {
          "type": "cds.Association",
          "target": "CatalogService.Countries_texts",
          "on": [
            {
              "ref": [
                "localized",
                "code"
              ]
            },
            "=",
            {
              "ref": [
                "code"
              ]
            },
            "and",
            {
              "ref": [
                "localized",
                "locale"
              ]
            },
            "=",
            {
              "ref": [
                "$user",
                "locale"
              ]
            }
          ]
        }
      }
    },
    "localized.CatalogService.Orders": {
      "kind": "entity",
      "@odata.draft.enabled": false,
      "query": {
        "SELECT": {
          "from": {
            "ref": [
              "localized.my.bookshop.Orders"
            ]
          }
        }
      },
      "elements": {
        "createdAt": {
          "@Core.Immutable": true,
          "@UI.HiddenFilter": true,
          "@cds.on.insert": {
            "=": "$now"
          },
          "@odata.on.insert": {
            "#": "now"
          },
          "@readonly": true,
          "@title": "{i18n>CreatedAt}",
          "type": "cds.Timestamp"
        },
        "createdBy": {
          "@Core.Immutable": true,
          "@UI.HiddenFilter": true,
          "@cds.on.insert": {
            "=": "$user"
          },
          "@description": "{i18n>UserID.Description}",
          "@odata.on.insert": {
            "#": "user"
          },
          "@readonly": true,
          "@title": "{i18n>CreatedBy}",
          "type": "User",
          "length": 255
        },
        "modifiedAt": {
          "@UI.HiddenFilter": true,
          "@cds.on.insert": {
            "=": "$now"
          },
          "@cds.on.update": {
            "=": "$now"
          },
          "@odata.on.update": {
            "#": "now"
          },
          "@readonly": true,
          "@title": "{i18n>ChangedAt}",
          "type": "cds.Timestamp"
        },
        "modifiedBy": {
          "@UI.HiddenFilter": true,
          "@cds.on.insert": {
            "=": "$user"
          },
          "@cds.on.update": {
            "=": "$user"
          },
          "@description": "{i18n>UserID.Description}",
          "@odata.on.update": {
            "#": "user"
          },
          "@readonly": true,
          "@title": "{i18n>ChangedBy}",
          "type": "User",
          "length": 255
        },
        "ID": {
          "key": true,
          "type": "cds.UUID"
        },
        "book": {
          "type": "cds.Association",
          "target": "localized.CatalogService.Books",
          "keys": [
            {
              "ref": [
                "ID"
              ]
            }
          ]
        },
        "country": {
          "@description": "{i18n>CountryCode.Description}",
          "@title": "{i18n>Country}",
          "type": "Country",
          "target": "localized.CatalogService.Countries",
          "keys": [
            {
              "ref": [
                "code"
              ]
            }
          ]
        },
        "amount": {
          "type": "cds.Integer"
        }
      }
    },
    "localized.my.bookshop.Authors": {
      "kind": "entity",
      "@odata.draft.enabled": false,
      "query": {
        "SELECT": {
          "from": {
            "ref": [
              "my.bookshop.Authors"
            ],
            "as": "L"
          },
          "columns": [
            "*"
          ]
        }
      },
      "elements": {
        "ID": {
          "key": true,
          "type": "cds.Integer"
        },
        "name": {
          "type": "cds.String"
        },
        "books": {
          "type": "cds.Association",
          "cardinality": {
            "max": "*"
          },
          "target": "localized.my.bookshop.Books",
          "on": [
            {
              "ref": [
                "books",
                "author"
              ]
            },
            "=",
            {
              "ref": [
                "$self"
              ]
            }
          ]
        }
      }
    },
    "localized.my.bookshop.Books": {
      "kind": "entity",
      "@odata.draft.enabled": false,
      "query": {
        "SELECT": {
          "from": {
            "ref": [
              "my.bookshop.Books"
            ],
            "as": "L"
          },
          "columns": [
            "*",
            {
              "func": "coalesce",
              "args": [
                {
                  "ref": [
                    "L",
                    "localized",
                    "title"
                  ]
                },
                {
                  "ref": [
                    "L",
                    "title"
                  ]
                }
              ],
              "as": "title"
            }
          ]
        }
      },
      "elements": {
        "ID": {
          "key": true,
          "type": "cds.Integer"
        },
        "title": {
          "@Core.Computed": true,
          "localized": true,
          "type": "cds.String"
        },
        "author": {
          "type": "cds.Association",
          "target": "localized.my.bookshop.Authors",
          "keys": [
            {
              "ref": [
                "ID"
              ]
            }
          ]
        },
        "stock": {
          "type": "cds.Integer"
        },
        "texts": {
          "type": "cds.Composition",
          "cardinality": {
            "max": "*"
          },
          "target": "my.bookshop.Books_texts",
          "on": [
            {
              "ref": [
                "texts",
                "ID"
              ]
            },
            "=",
            {
              "ref": [
                "ID"
              ]
            }
          ]
        },
        "localized": {
          "type": "cds.Association",
          "target": "my.bookshop.Books_texts",
          "on": [
            {
              "ref": [
                "localized",
                "ID"
              ]
            },
            "=",
            {
              "ref": [
                "ID"
              ]
            },
            "and",
            {
              "ref": [
                "localized",
                "locale"
              ]
            },
            "=",
            {
              "ref": [
                "$user",
                "locale"
              ]
            }
          ]
        }
      }
    },
    "localized.my.bookshop.Orders": {
      "kind": "entity",
      "@odata.draft.enabled": false,
      "query": {
        "SELECT": {
          "from": {
            "ref": [
              "my.bookshop.Orders"
            ],
            "as": "L"
          },
          "columns": [
            "*"
          ]
        }
      },
      "elements": {
        "createdAt": {
          "@Core.Immutable": true,
          "@UI.HiddenFilter": true,
          "@cds.on.insert": {
            "=": "$now"
          },
          "@odata.on.insert": {
            "#": "now"
          },
          "@readonly": true,
          "@title": "{i18n>CreatedAt}",
          "type": "cds.Timestamp"
        },
        "createdBy": {
          "@Core.Immutable": true,
          "@UI.HiddenFilter": true,
          "@cds.on.insert": {
            "=": "$user"
          },
          "@description": "{i18n>UserID.Description}",
          "@odata.on.insert": {
            "#": "user"
          },
          "@readonly": true,
          "@title": "{i18n>CreatedBy}",
          "type": "User",
          "length": 255
        },
        "modifiedAt": {
          "@UI.HiddenFilter": true,
          "@cds.on.insert": {
            "=": "$now"
          },
          "@cds.on.update": {
            "=": "$now"
          },
          "@odata.on.update": {
            "#": "now"
          },
          "@readonly": true,
          "@title": "{i18n>ChangedAt}",
          "type": "cds.Timestamp"
        },
        "modifiedBy": {
          "@UI.HiddenFilter": true,
          "@cds.on.insert": {
            "=": "$user"
          },
          "@cds.on.update": {
            "=": "$user"
          },
          "@description": "{i18n>UserID.Description}",
          "@odata.on.update": {
            "#": "user"
          },
          "@readonly": true,
          "@title": "{i18n>ChangedBy}",
          "type": "User",
          "length": 255
        },
        "ID": {
          "key": true,
          "type": "cds.UUID"
        },
        "book": {
          "type": "cds.Association",
          "target": "localized.my.bookshop.Books",
          "keys": [
            {
              "ref": [
                "ID"
              ]
            }
          ]
        },
        "country": {
          "@description": "{i18n>CountryCode.Description}",
          "@title": "{i18n>Country}",
          "type": "Country",
          "target": "localized.sap.common.Countries",
          "keys": [
            {
              "ref": [
                "code"
              ]
            }
          ]
        },
        "amount": {
          "type": "cds.Integer"
        }
      }
    },
    "localized.sap.common.Countries": {
      "kind": "entity",
      "@UI.Identification": [
        {
          "Value": {
            "=": "name"
          }
        }
      ],
      "@cds.autoexpose": true,
      "@cds.odata.valuelist": true,
      "@cds.persistence.skip": "if-unused",
      "@odata.draft.enabled": false,
      "query": {
        "SELECT": {
          "from": {
            "ref": [
              "sap.common.Countries"
            ],
            "as": "L"
          },
          "columns": [
            "*",
            {
              "func": "coalesce",
              "args": [
                {
                  "ref": [
                    "L",
                    "localized",
                    "name"
                  ]
                },
                {
                  "ref": [
                    "L",
                    "name"
                  ]
                }
              ],
              "as": "name"
            },
            {
              "func": "coalesce",
              "args": [
                {
                  "ref": [
                    "L",
                    "localized",
                    "descr"
                  ]
                },
                {
                  "ref": [
                    "L",
                    "descr"
                  ]
                }
              ],
              "as": "descr"
            }
          ]
        }
      },
      "elements": {
        "name": {
          "@Core.Computed": true,
          "@title": "{i18n>Name}",
          "localized": true,
          "type": "cds.String",
          "length": 255
        },
        "descr": {
          "@Core.Computed": true,
          "@title": "{i18n>Description}",
          "localized": true,
          "type": "cds.String",
          "length": 1000
        },
        "code": {
          "@title": "{i18n>CountryCode}",
          "key": true,
          "type": "cds.String",
          "length": 3
        },
        "texts": {
          "type": "cds.Composition",
          "cardinality": {
            "max": "*"
          },
          "target": "sap.common.Countries_texts",
          "on": [
            {
              "ref": [
                "texts",
                "code"
              ]
            },
            "=",
            {
              "ref": [
                "code"
              ]
            }
          ]
        },
        "localized": {
          "type": "cds.Association",
          "target": "sap.common.Countries_texts",
          "on": [
            {
              "ref": [
                "localized",
                "code"
              ]
            },
            "=",
            {
              "ref": [
                "code"
              ]
            },
            "and",
            {
              "ref": [
                "localized",
                "locale"
              ]
            },
            "=",
            {
              "ref": [
                "$user",
                "locale"
              ]
            }
          ]
        }
      }
    },
    "localized.sap.common.Currencies": {
      "kind": "entity",
      "@UI.Identification": [
        {
          "Value": {
            "=": "name"
          }
        }
      ],
      "@cds.autoexpose": true,
      "@cds.odata.valuelist": true,
      "@cds.persistence.skip": "if-unused",
      "@odata.draft.enabled": false,
      "query": {
        "SELECT": {
          "from": {
            "ref": [
              "sap.common.Currencies"
            ],
            "as": "L"
          },
          "columns": [
            "*",
            {
              "func": "coalesce",
              "args": [
                {
                  "ref": [
                    "L",
                    "localized",
                    "name"
                  ]
                },
                {
                  "ref": [
                    "L",
                    "name"
                  ]
                }
              ],
              "as": "name"
            },
            {
              "func": "coalesce",
              "args": [
                {
                  "ref": [
                    "L",
                    "localized",
                    "descr"
                  ]
                },
                {
                  "ref": [
                    "L",
                    "descr"
                  ]
                }
              ],
              "as": "descr"
            }
          ]
        }
      },
      "elements": {
        "name": {
          "@Core.Computed": true,
          "@title": "{i18n>Name}",
          "localized": true,
          "type": "cds.String",
          "length": 255
        },
        "descr": {
          "@Core.Computed": true,
          "@title": "{i18n>Description}",
          "localized": true,
          "type": "cds.String",
          "length": 1000
        },
        "code": {
          "@title": "{i18n>CurrencyCode}",
          "key": true,
          "type": "cds.String",
          "length": 3
        },
        "symbol": {
          "@title": "{i18n>CurrencySymbol}",
          "type": "cds.String",
          "length": 5
        },
        "texts": {
          "type": "cds.Composition",
          "cardinality": {
            "max": "*"
          },
          "target": "sap.common.Currencies_texts",
          "on": [
            {
              "ref": [
                "texts",
                "code"
              ]
            },
            "=",
            {
              "ref": [
                "code"
              ]
            }
          ]
        },
        "localized": {
          "type": "cds.Association",
          "target": "sap.common.Currencies_texts",
          "on": [
            {
              "ref": [
                "localized",
                "code"
              ]
            },
            "=",
            {
              "ref": [
                "code"
              ]
            },
            "and",
            {
              "ref": [
                "localized",
                "locale"
              ]
            },
            "=",
            {
              "ref": [
                "$user",
                "locale"
              ]
            }
          ]
        }
      }
    },
    "localized.sap.common.Languages": {
      "kind": "entity",
      "@UI.Identification": [
        {
          "Value": {
            "=": "name"
          }
        }
      ],
      "@cds.autoexpose": true,
      "@cds.odata.valuelist": true,
      "@cds.persistence.skip": "if-unused",
      "@odata.draft.enabled": false,
      "query": {
        "SELECT": {
          "from": {
            "ref": [
              "sap.common.Languages"
            ],
            "as": "L"
          },
          "columns": [
            "*",
            {
              "func": "coalesce",
              "args": [
                {
                  "ref": [
                    "L",
                    "localized",
                    "name"
                  ]
                },
                {
                  "ref": [
                    "L",
                    "name"
                  ]
                }
              ],
              "as": "name"
            },
            {
              "func": "coalesce",
              "args": [
                {
                  "ref": [
                    "L",
                    "localized",
                    "descr"
                  ]
                },
                {
                  "ref": [
                    "L",
                    "descr"
                  ]
                }
              ],
              "as": "descr"
            }
          ]
        }
      },
      "elements": {
        "name": {
          "@Core.Computed": true,
          "@title": "{i18n>Name}",
          "localized": true,
          "type": "cds.String",
          "length": 255
        },
        "descr": {
          "@Core.Computed": true,
          "@title": "{i18n>Description}",
          "localized": true,
          "type": "cds.String",
          "length": 1000
        },
        "code": {
          "@title": "{i18n>LanguageCode}",
          "key": true,
          "type": "cds.String",
          "length": 14
        },
        "texts": {
          "type": "cds.Composition",
          "cardinality": {
            "max": "*"
          },
          "target": "sap.common.Languages_texts",
          "on": [
            {
              "ref": [
                "texts",
                "code"
              ]
            },
            "=",
            {
              "ref": [
                "code"
              ]
            }
          ]
        },
        "localized": {
          "type": "cds.Association",
          "target": "sap.common.Languages_texts",
          "on": [
            {
              "ref": [
                "localized",
                "code"
              ]
            },
            "=",
            {
              "ref": [
                "code"
              ]
            },
            "and",
            {
              "ref": [
                "localized",
                "locale"
              ]
            },
            "=",
            {
              "ref": [
                "$user",
                "locale"
              ]
            }
          ]
        }
      }
    },
    "managed": {
      "kind": "type",
      "elements": {
        "createdAt": {
          "@Core.Immutable": true,
          "@UI.HiddenFilter": true,
          "@cds.on.insert": {
            "=": "$now"
          },
          "@odata.on.insert": {
            "#": "now"
          },
          "@readonly": true,
          "@title": "{i18n>CreatedAt}",
          "type": "cds.Timestamp"
        },
        "createdBy": {
          "@Core.Immutable": true,
          "@UI.HiddenFilter": true,
          "@cds.on.insert": {
            "=": "$user"
          },
          "@description": "{i18n>UserID.Description}",
          "@odata.on.insert": {
            "#": "user"
          },
          "@readonly": true,
          "@title": "{i18n>CreatedBy}",
          "type": "User",
          "length": 255
        },
        "modifiedAt": {
          "@UI.HiddenFilter": true,
          "@cds.on.insert": {
            "=": "$now"
          },
          "@cds.on.update": {
            "=": "$now"
          },
          "@odata.on.update": {
            "#": "now"
          },
          "@readonly": true,
          "@title": "{i18n>ChangedAt}",
          "type": "cds.Timestamp"
        },
        "modifiedBy": {
          "@UI.HiddenFilter": true,
          "@cds.on.insert": {
            "=": "$user"
          },
          "@cds.on.update": {
            "=": "$user"
          },
          "@description": "{i18n>UserID.Description}",
          "@odata.on.update": {
            "#": "user"
          },
          "@readonly": true,
          "@title": "{i18n>ChangedBy}",
          "type": "User",
          "length": 255
        }
      },
      "$syntax": "aspect"
    },
    "my.bookshop.Authors": {
      "kind": "entity",
      "elements": {
        "ID": {
          "key": true,
          "type": "cds.Integer"
        },
        "name": {
          "type": "cds.String"
        },
        "books": {
          "type": "cds.Association",
          "cardinality": {
            "max": "*"
          },
          "target": "my.bookshop.Books",
          "on": [
            {
              "ref": [
                "books",
                "author"
              ]
            },
            "=",
            {
              "ref": [
                "$self"
              ]
            }
          ]
        }
      }
    },
    "my.bookshop.Books": {
      "kind": "entity",
      "elements": {
        "ID": {
          "key": true,
          "type": "cds.Integer"
        },
        "title": {
          "localized": true,
          "type": "cds.String"
        },
        "author": {
          "type": "cds.Association",
          "target": "my.bookshop.Authors",
          "keys": [
            {
              "ref": [
                "ID"
              ]
            }
          ]
        },
        "stock": {
          "type": "cds.Integer"
        },
        "texts": {
          "type": "cds.Composition",
          "cardinality": {
            "max": "*"
          },
          "target": "my.bookshop.Books_texts",
          "on": [
            {
              "ref": [
                "texts",
                "ID"
              ]
            },
            "=",
            {
              "ref": [
                "ID"
              ]
            }
          ]
        },
        "localized": {
          "type": "cds.Association",
          "target": "my.bookshop.Books_texts",
          "on": [
            {
              "ref": [
                "localized",
                "ID"
              ]
            },
            "=",
            {
              "ref": [
                "ID"
              ]
            },
            "and",
            {
              "ref": [
                "localized",
                "locale"
              ]
            },
            "=",
            {
              "ref": [
                "$user",
                "locale"
              ]
            }
          ]
        }
      }
    },
    "my.bookshop.Books_texts": {
      "kind": "entity",
      "@cds.autoexpose": true,
      "@odata.draft.enabled": false,
      "elements": {
        "locale": {
          "key": true,
          "type": "cds.String",
          "length": 14
        },
        "ID": {
          "@odata.containment.ignore": true,
          "key": true,
          "type": "cds.Integer"
        },
        "title": {
          "localized": false,
          "type": "cds.String"
        }
      }
    },
    "my.bookshop.Orders": {
      "kind": "entity",
      "includes": [
        "managed"
      ],
      "elements": {
        "createdAt": {
          "@Core.Immutable": true,
          "@UI.HiddenFilter": true,
          "@cds.on.insert": {
            "=": "$now"
          },
          "@odata.on.insert": {
            "#": "now"
          },
          "@readonly": true,
          "@title": "{i18n>CreatedAt}",
          "type": "cds.Timestamp"
        },
        "createdBy": {
          "@Core.Immutable": true,
          "@UI.HiddenFilter": true,
          "@cds.on.insert": {
            "=": "$user"
          },
          "@description": "{i18n>UserID.Description}",
          "@odata.on.insert": {
            "#": "user"
          },
          "@readonly": true,
          "@title": "{i18n>CreatedBy}",
          "type": "User",
          "length": 255
        },
        "modifiedAt": {
          "@UI.HiddenFilter": true,
          "@cds.on.insert": {
            "=": "$now"
          },
          "@cds.on.update": {
            "=": "$now"
          },
          "@odata.on.update": {
            "#": "now"
          },
          "@readonly": true,
          "@title": "{i18n>ChangedAt}",
          "type": "cds.Timestamp"
        },
        "modifiedBy": {
          "@UI.HiddenFilter": true,
          "@cds.on.insert": {
            "=": "$user"
          },
          "@cds.on.update": {
            "=": "$user"
          },
          "@description": "{i18n>UserID.Description}",
          "@odata.on.update": {
            "#": "user"
          },
          "@readonly": true,
          "@title": "{i18n>ChangedBy}",
          "type": "User",
          "length": 255
        },
        "ID": {
          "key": true,
          "type": "cds.UUID"
        },
        "book": {
          "type": "cds.Association",
          "target": "my.bookshop.Books",
          "keys": [
            {
              "ref": [
                "ID"
              ]
            }
          ]
        },
        "country": {
          "@description": "{i18n>CountryCode.Description}",
          "@title": "{i18n>Country}",
          "type": "Country",
          "target": "sap.common.Countries",
          "keys": [
            {
              "ref": [
                "code"
              ]
            }
          ]
        },
        "amount": {
          "type": "cds.Integer"
        }
      }
    },
    "sap.common": {
      "kind": "context"
    },
    "sap.common.CodeList": {
      "kind": "type",
      "@UI.Identification": [
        {
          "Value": {
            "=": "name"
          }
        }
      ],
      "@cds.autoexpose": true,
      "@cds.odata.valuelist": true,
      "@cds.persistence.skip": "if-unused",
      "elements": {
        "name": {
          "@title": "{i18n>Name}",
          "localized": true,
          "type": "cds.String",
          "length": 255
        },
        "descr": {
          "@title": "{i18n>Description}",
          "localized": true,
          "type": "cds.String",
          "length": 1000
        }
      },
      "$syntax": "aspect"
    },
    "sap.common.Countries": {
      "kind": "entity",
      "@UI.Identification": [
        {
          "Value": {
            "=": "name"
          }
        }
      ],
      "@cds.autoexpose": true,
      "@cds.odata.valuelist": true,
      "@cds.persistence.skip": "if-unused",
      "includes": [
        "sap.common.CodeList"
      ],
      "elements": {
        "name": {
          "@title": "{i18n>Name}",
          "localized": true,
          "type": "cds.String",
          "length": 255
        },
        "descr": {
          "@title": "{i18n>Description}",
          "localized": true,
          "type": "cds.String",
          "length": 1000
        },
        "code": {
          "@title": "{i18n>CountryCode}",
          "key": true,
          "type": "cds.String",
          "length": 3
        },
        "texts": {
          "type": "cds.Composition",
          "cardinality": {
            "max": "*"
          },
          "target": "sap.common.Countries_texts",
          "on": [
            {
              "ref": [
                "texts",
                "code"
              ]
            },
            "=",
            {
              "ref": [
                "code"
              ]
            }
          ]
        },
        "localized": {
          "type": "cds.Association",
          "target": "sap.common.Countries_texts",
          "on": [
            {
              "ref": [
                "localized",
                "code"
              ]
            },
            "=",
            {
              "ref": [
                "code"
              ]
            },
            "and",
            {
              "ref": [
                "localized",
                "locale"
              ]
            },
            "=",
            {
              "ref": [
                "$user",
                "locale"
              ]
            }
          ]
        }
      }
    },
    "sap.common.Countries_texts": {
      "kind": "entity",
      "@cds.autoexpose": true,
      "@odata.draft.enabled": false,
      "elements": {
        "locale": {
          "key": true,
          "type": "cds.String",
          "length": 14
        },
        "name": {
          "@title": "{i18n>Name}",
          "localized": false,
          "type": "cds.String",
          "length": 255
        },
        "descr": {
          "@title": "{i18n>Description}",
          "localized": false,
          "type": "cds.String",
          "length": 1000
        },
        "code": {
          "@odata.containment.ignore": true,
          "@title": "{i18n>CountryCode}",
          "key": true,
          "type": "cds.String",
          "length": 3
        }
      }
    },
    "sap.common.Currencies": {
      "kind": "entity",
      "@UI.Identification": [
        {
          "Value": {
            "=": "name"
          }
        }
      ],
      "@cds.autoexpose": true,
      "@cds.odata.valuelist": true,
      "@cds.persistence.skip": "if-unused",
      "includes": [
        "sap.common.CodeList"
      ],
      "elements": {
        "name": {
          "@title": "{i18n>Name}",
          "localized": true,
          "type": "cds.String",
          "length": 255
        },
        "descr": {
          "@title": "{i18n>Description}",
          "localized": true,
          "type": "cds.String",
          "length": 1000
        },
        "code": {
          "@title": "{i18n>CurrencyCode}",
          "key": true,
          "type": "cds.String",
          "length": 3
        },
        "symbol": {
          "@title": "{i18n>CurrencySymbol}",
          "type": "cds.String",
          "length": 5
        },
        "texts": {
          "type": "cds.Composition",
          "cardinality": {
            "max": "*"
          },
          "target": "sap.common.Currencies_texts",
          "on": [
            {
              "ref": [
                "texts",
                "code"
              ]
            },
            "=",
            {
              "ref": [
                "code"
              ]
            }
          ]
        },
        "localized": {
          "type": "cds.Association",
          "target": "sap.common.Currencies_texts",
          "on": [
            {
              "ref": [
                "localized",
                "code"
              ]
            },
            "=",
            {
              "ref": [
                "code"
              ]
            },
            "and",
            {
              "ref": [
                "localized",
                "locale"
              ]
            },
            "=",
            {
              "ref": [
                "$user",
                "locale"
              ]
            }
          ]
        }
      }
    },
    "sap.common.Currencies_texts": {
      "kind": "entity",
      "@cds.autoexpose": true,
      "@odata.draft.enabled": false,
      "elements": {
        "locale": {
          "key": true,
          "type": "cds.String",
          "length": 14
        },
        "name": {
          "@title": "{i18n>Name}",
          "localized": false,
          "type": "cds.String",
          "length": 255
        },
        "descr": {
          "@title": "{i18n>Description}",
          "localized": false,
          "type": "cds.String",
          "length": 1000
        },
        "code": {
          "@odata.containment.ignore": true,
          "@title": "{i18n>CurrencyCode}",
          "key": true,
          "type": "cds.String",
          "length": 3
        }
      }
    },
    "sap.common.Languages": {
      "kind": "entity",
      "@UI.Identification": [
        {
          "Value": {
            "=": "name"
          }
        }
      ],
      "@cds.autoexpose": true,
      "@cds.odata.valuelist": true,
      "@cds.persistence.skip": "if-unused",
      "includes": [
        "sap.common.CodeList"
      ],
      "elements": {
        "name": {
          "@title": "{i18n>Name}",
          "localized": true,
          "type": "cds.String",
          "length": 255
        },
        "descr": {
          "@title": "{i18n>Description}",
          "localized": true,
          "type": "cds.String",
          "length": 1000
        },
        "code": {
          "@title": "{i18n>LanguageCode}",
          "key": true,
          "type": "cds.String",
          "length": 14
        },
        "texts": {
          "type": "cds.Composition",
          "cardinality": {
            "max": "*"
          },
          "target": "sap.common.Languages_texts",
          "on": [
            {
              "ref": [
                "texts",
                "code"
              ]
            },
            "=",
            {
              "ref": [
                "code"
              ]
            }
          ]
        },
        "localized": {
          "type": "cds.Association",
          "target": "sap.common.Languages_texts",
          "on": [
            {
              "ref": [
                "localized",
                "code"
              ]
            },
            "=",
            {
              "ref": [
                "code"
              ]
            },
            "and",
            {
              "ref": [
                "localized",
                "locale"
              ]
            },
            "=",
            {
              "ref": [
                "$user",
                "locale"
              ]
            }
          ]
        }
      }
    },
    "sap.common.Languages_texts": {
      "kind": "entity",
      "@cds.autoexpose": true,
      "@odata.draft.enabled": false,
      "elements": {
        "locale": {
          "key": true,
          "type": "cds.String",
          "length": 14
        },
        "name": {
          "@title": "{i18n>Name}",
          "localized": false,
          "type": "cds.String",
          "length": 255
        },
        "descr": {
          "@title": "{i18n>Description}",
          "localized": false,
          "type": "cds.String",
          "length": 1000
        },
        "code": {
          "@odata.containment.ignore": true,
          "@title": "{i18n>LanguageCode}",
          "key": true,
          "type": "cds.String",
          "length": 14
        }
      }
    },
    "temporal": {
      "kind": "type",
      "elements": {
        "validFrom": {
          "@cds.valid.from": true,
          "type": "cds.Timestamp"
        },
        "validTo": {
          "@cds.valid.to": true,
          "type": "cds.Timestamp"
        }
      },
      "$syntax": "aspect"
    }
  },
  "meta": {
    "creator": "CDS Compiler v1.26.2"
  },
  "$version": "1.0"
}